Year, 1950,1951,1952,1953,1954,1955,1956,1957,1958,1959,1960,1961,1962,1963,1964,1965,1966,1967,1968,1969,1970,1971,1972,1973,1974,1975,1976,1977,1978,1979,1980,1981,1982,1983,1984,1985,1986,1987,1988,1989,1990,1991,1992,1993,1994,1995,1996,1997,1998,1999,2000,2001,2002,2003,2004,2005,2006,2007,2008,2009,2010,2011,2012,2013,2014,2015,2016,2017,2018,2019,2020,2021,2022,2023,2024,2025,2026,2027,2028,2029,2030,2031,2032,2033,2034,2035,2036,2037,2038,2039,2040,2041,2042,2043,2044,2045,2046,2047,2048,2049,2050,2051,2052,2053,2054,2055,2056,2057,2058,2059,2060,2061,2062,2063,2064,2065,2066,2067,2068,2069,2070,2071,2072,2073,2074,2075,2076,2077,2078,2079,2080,2081,2082,2083,2084,2085,2086,2087,2088,2089,2090,2091,2092,2093,2094,2095,2096,2097,2098,2099,2100,2101
FA_Mag,None,12.998925787083689,3.3373458495763155,4.028608302686962,3.8182364177825545,15.478818923250328,26.45673135022445,9.377835267822897,20.265481854552068,6.538307430740642,3.04206762565999,41.752737650838455,1.762860482052341,3.175705611289992,5.439264811504702,2.6035482712762685,2.8911635150926136,None,None,9.830250186077013,5.046694538650307,70.4239252381321,1.4301029672058576,2.7748091625062306,2.7536328714270724,14.213302475640642,3.4193854339139773,4.222341269616861,None,7.080516410197205,None,37.231987621080464,2.883452120002466,1.5601088112448016,67.78902050358319,3.1143081589521677,26.936785223489874,8.544483537003616,13.659032373497674,3.873769548444355,71.23802970819416,None,2.8992579435495625,1.565809580689382,8.883445529508549,2.686216621144026,2.111768840108999,21.08659224263127,13.518164554332916,10.469753903542816,9.061244540350879,278.4672709886659,2.1388895946135267,None,23.61053086920765,14.594703074144244,3.880345057351764,10.069522196480108,18.22764343914321,20.01055010411946,1.3050452370391246,1.3110766827108686,None,17.157968046183335,18.070871255155645,37.16912748586436,1.2369771450862466,15.916479316075304,6.1810814902991655,1.708028302152195,18.1121593368979,1.6805543034211163,8.641188072480208,1.386293707258179,8.174471644892419,2.5708684769127372,14.852272380701987,1.4693754986777061,1.1024273739922457,20.160801261401204,17.029267178277088,2.2964663652663684,3.0403597084653216,5.201572247451623,1.5591466892817052,1.8510939426733553,4.557766663649311,2.7978394421898205,12.651470183898283,2.3917939212747883,17.82301535598435,None,8.734604925420879,1.1295837055202653,7.0683424442438705,3.093812972380195,24.805060543122487,7.336236908916626,10.127706178150284,3.50402006961126,9.960369075319283,26.90379160659287,4.363456272087318,3.889185678707571,17.702159438640436,3.960151364524281,18.111483599666816,None,None,56.81476512715357,83.75766468156255,39.53550592136177,12.806087097547058,7.086318130064856,7.638191888103909,1.9873464701375465,14.774716466861133,132.65655142705322,2.2076893974066603,20.635156138972242,17.01713454186096,1.5348606016693322,7.699627031130276,4.731335227184046,16.456223688648887,15.897924039644657,8.227455777142572,7.943493373620945,6.535477827881388,7.036211898780269,1.165577789612877,14.881752780579706,None,1.4221491940709312,1.6392762161743875,4.969777474438571,None,2.30668693133392,2.2606119583451987,3.0547443175988698,1.1572666141763293,None,7.29261445720529,6.967619211816341,17.996625198509378,4.151313634887218,None,4.705523465781849,29.545411920915768,3.612155004759447,22.117723534554187,None
FA_Tim,None,0,1,1,6,16,26,1,13,53,11,5,25,13,2,8,15,None,None,2,34,1,2,0,2,29,24,14,None,1,None,32,14,25,27,30,10,17,9,11,18,None,2,15,44,17,17,17,19,1,36,2,3,None,7,18,9,1,2,10,16,7,None,15,16,21,6,5,4,12,24,5,27,38,21,20,4,10,19,9,13,23,14,20,4,5,13,2,1,36,28,None,17,26,8,2,6,0,32,24,34,2,10,0,24,37,24,None,None,35,13,9,5,0,11,7,45,5,0,6,9,5,9,29,1,19,12,17,0,3,19,33,None,11,9,6,None,54,12,24,39,None,13,9,0,32,None,23,46,12,4,None
FA_Dur,None,5,3,6,7,2,3,7,5,7,4,2,6,5,3,5,6,None,None,9,12,3,1,2,1,3,5,7,None,6,None,3,5,4,4,10,9,6,4,4,5,None,5,6,2,1,4,4,7,5,2,8,7,None,1,4,6,3,12,3,6,7,None,3,3,3,3,3,1,4,3,1,7,4,7,1,2,7,8,2,4,10,5,7,6,8,2,1,9,7,10,None,2,9,8,3,3,1,5,9,2,2,5,6,2,3,2,None,None,3,4,1,1,13,4,3,4,2,5,3,3,10,8,12,3,2,4,5,8,15,8,3,None,4,4,5,None,7,6,9,20,None,5,2,3,13,None,2,2,1,5,None
Wet_BFL_Mag_10,0.0,5.874656500677286,1.3570406903635972,2.388612436273113,8.10777036944753,0.8588660339751779,2.7965600533149724,1.1579912432362605,19.74546024762482,0.8186520217901374,0.7566772697712741,2.0079432120314475,1.2040992520382592,0.5404255660142889,1.1375003461836763,2.919703841017296,1.1478854404829058,0.7093554753968192,0.7365443295126436,3.9761659866342156,0.9486958502443654,1.2125312502971557,0.5354581704991302,0.9353759178713075,0.9778978908421476,1.1652219674805009,0.9326570721375371,3.253679502362734,0.5393358742680009,0.7802501596813789,0.5176077589666088,10.56029657907591,0.7083464486108888,0.8221516750487198,1.234974167783589,1.1673844384111927,0.6442825176954392,0.9935550918550602,0.5320919221191465,1.1232967962145952,4.087350761821103,0.7937913081142565,1.2009771185077627,0.5174253898389586,3.9956603052656012,2.2658382517648885,1.4239958239075243,2.510489798803413,0.7031830985136546,0.722253831456485,0.9247934517761456,None,0.5161698744894377,0.8229887636484094,5.227106397926478,0.8967761812853365,1.2299487148893598,0.6825286476630945,1.04956997085117,5.977764005328791,0.5310727631054599,0.9400492817342557,0.5159712623173524,0.8862606326078597,1.6082382861230835,27.530061075635473,1.281002333359524,6.423709931128296,0.6828364711499848,0.8881907317073084,1.3591334373183854,0.541183970258487,16.187420737341174,0.5175349992322398,6.179041027103206,0.5662135276568998,1.1601914444842698,0.7070598348292824,1.6520067685318156,1.3686502964843543,0.9763585746866388,0.925459178211348,0.943674542184245,1.2800208804965636,1.3678337217759706,0.7205059810573999,0.9239899453596846,23.222331331316532,0.9748895197305136,0.6787642159638214,6.135136767831649,0.5439894799631867,7.841460804262198,0.5279268283530318,4.658606620292609,1.1798547173014158,7.555756486117783,1.1399329672158955,1.6545596284263067,1.137189956241473,0.7197234774009268,1.2668684579608382,0.6742999401043235,0.5592641191450295,3.3213762574498564,1.164135335442453,0.5207396963120289,0.9863785789502182,0.6552185533772644,7.924367482307389,6.686949081880499,0.7168680617339958,7.834607312345313,0.5154077025957908,1.5396248378618858,0.5342780449632382,1.538505867199117,1.628264665685189,1.3114754780802143,0.7143905068510841,3.154814359500668,8.675659815983517,None,0.5097845895265447,1.344591667469167,4.82923371334024,1.5938892402470872,12.681055997559001,0.7284178350678007,4.384650704260117,1.0881314542942415,27.534756289108735,0.5217524459878524,1.4035134577417068,9.152908520908186,0.8609042477401658,1.1955721905833852,0.6779678182531808,2.816776893864149,23.749835892138236,0.6992790554592532,0.5181391402392107,0.6369334743134376,6.7688954272980615,1.0513503806828288,1.6420138641416102,0.5209958348769095,0.8935988115780291,0.6956845902462361,5.544777294950773,0.5128465060854629,None
Wet_BFL_Mag_50,0.9426542269662241,75.91716941148331,25.57222756778857,36.990962051177206,68.31430095552118,13.663597249086287,59.10923960638885,37.07098665212481,98.58133821573942,5.76332254284109,0.9706511427935968,33.17406038297243,22.927150834398635,0.8404687475720032,16.211258710137283,28.0486437432644,1.6901135639932887,1.382873068604629,3.2048806674163757,108.42933819709918,31.31398694323434,5.752952946681005,12.201822498721606,7.9652631505391644,143.2184260625901,31.036685832995204,12.896805130489712,113.52400687107136,1.0792497099250205,2.696006478935148,0.7593692713877711,128.3927940544983,15.468748960779639,10.741157154552393,15.873056714305566,30.433645249733853,48.942162959936674,17.24292494715126,28.569238684882876,52.75077086934259,35.34905042716548,6.336656646030889,24.090842409504795,0.8717173009533332,91.32433650635119,18.53260852250725,28.349738320914607,57.773082001347476,21.530133246826143,4.606546679618367,18.976469500559507,None,0.6212637990949119,1.0513330735457367,6.9618564481393,50.0603057925373,21.403666163023246,0.9926031367266784,46.94297684344915,141.71105687403463,1.5351068734656472,39.12984529047387,0.9353537536529517,1.4641639459402622,66.15539164232833,82.729491821251,142.97853317558074,28.838180501807944,0.6879470498056393,2.1196163578161826,38.51430132257656,8.606121245293021,137.32753858526124,0.8846323252407882,109.41590918949906,1.4447500578290442,141.76784694724222,8.585533850322935,11.284981489479136,141.771767318993,9.704792144614592,1.3003147269542523,39.59789525116951,27.136494376972042,22.34310563213233,4.318785838226583,22.09484847347062,73.16189919422939,4.758588426301247,5.423718287663728,32.136668287203534,0.8109051195519161,28.674185452474365,1.0180245613961534,15.300736768438504,25.382644992480287,95.83739491727505,86.09959157177957,29.11538435754035,29.14430416447185,1.57816175366911,19.076357862948683,30.370310044060272,1.3817483082117883,32.92663044988357,38.53274813497825,0.7098971947500505,22.773315375904353,2.26739925919709,63.21589200115497,148.84592590335635,2.5022229004395857,65.2860241159421,76.32216381089077,36.48016572219065,10.428832945480107,90.29500515584759,54.96923322822472,111.17124756575024,46.29649865429357,18.193606693825906,109.60821975346929,None,19.982689199506247,35.15331908635078,54.948344929388604,23.32347247437603,104.01435018545595,1.284994873777359,43.775468183996274,70.53002713950927,138.55596706735162,1.0245293744098438,45.94380916378381,87.42301954450481,41.194249997954834,48.4961970862248,4.753863113009512,142.30495605738372,80.15155850636263,14.792006302146973,0.7856527792447782,0.6403516774106499,79.65862627964925,7.438085983749488,14.641034836290055,0.8178431210903874,57.665207535629634,109.19430897391257,29.64150226929948,0.8755335280232251,None
Wet_Tim,71,79,149,28,59,89,64,86,57,84,89,131,132,24,35,75,41,19,28,80,36,156,96,45,101,63,71,65,16,104,26,80,45,90,123,85,39,32,22,71,109,29,110,58,68,47,57,104,60,113,94,101,19,22,94,90,96,105,103,87,56,79,25,47,144,38,78,87,78,36,97,47,75,52,111,29,81,96,80,94,77,55,76,28,52,128,36,62,118,64,91,14,100,79,135,72,83,88,82,48,87,91,109,22,125,76,24,27,48,78,95,39,101,48,82,57,74,66,96,82,169,129,None,72,50,77,108,83,62,60,100,81,10,113,83,28,30,77,101,97,67,14,78,101,68,79,21,126,60,49,82,None
Wet_BFL_Dur,131,117,46,174,103,78,111,69,55,133,35,76,34,141,174,93,167,124,82,76,162,36,68,115,41,107,77,49,140,102,95,41,78,69,79,39,113,98,86,76,42,159,42,147,100,102,119,63,36,67,34,None,166,176,29,67,102,45,41,47,118,34,60,85,57,130,75,57,36,168,60,104,103,73,61,140,76,80,114,42,117,151,87,178,103,79,127,51,36,95,79,164,75,71,42,93,119,60,120,120,30,65,55,105,52,55,86,170,129,40,44,45,68,58,70,72,123,52,45,36,35,66,None,103,120,78,48,33,133,109,65,64,91,83,93,112,131,123,45,67,83,181,27,100,42,32,134,55,91,103,63,None
Peak_2,44.29631564841291,456.3967353468918,134.9108967849679,696.0236995038453,501.48876641205834,142.3342618065244,188.50453284115886,111.3456932949042,222.57499111427532,83.05983305824348,795.5668309224848,212.20352700117297,188.2127030223068,83.52109545178287,101.54655524082337,237.82498323572082,62.89974325979501,91.3390994711313,315.1895868777588,821.0664963249077,163.74242433022792,70.39768090405467,150.6032572780134,124.85109565148451,999.3103871690224,127.78133394422541,493.4711209562246,227.49939569152968,87.3712680306133,106.06044216650392,88.08754455842572,494.4485636364389,656.4535248261059,298.10480353212415,69.35049389546235,1013.2028749430791,756.9455908622867,152.79277319307027,308.9778961289677,221.0291416007968,710.7598165011187,414.0759021401629,89.22277697535635,52.36989017031067,582.3049419162835,104.81791872550517,141.1375616776487,129.32249479686178,620.1626009924785,88.56144541543493,926.4617668500284,278.478350995838,25.992365831217874,91.09737914679658,974.0509502899575,994.1159120209156,332.63168535134037,60.466416380324624,157.94609910423847,1417.9660043758904,247.13012830861481,843.9440179940688,80.38076028840898,487.7186995541034,182.37924663432952,860.1267582983963,1056.9618819593256,455.6558189862956,157.47286990928728,198.43368022688165,498.1413881285699,139.81820639243185,999.4033596992372,348.5473521242314,262.42610284414553,65.62191964529622,2096.8646205602486,106.96911306932613,120.08783402573806,369.88758572639193,73.94104647972578,350.826819201652,405.8648971051267,305.5165311833493,183.39730615732262,91.87220097938686,169.28232697908143,1017.7311796922563,141.62898969490817,78.57619606654312,371.73715001348376,40.545014525495475,270.5645429458036,148.9682917382794,116.38497309266329,453.04537584278114,885.6973637185188,445.54104692494036,200.50695210388145,131.85948895116658,387.484823339467,182.2854159009513,146.15888930594446,112.77371157362845,108.25140250037121,357.2733722519528,65.84321897821415,144.62859088412839,132.61423082652664,950.2586560565961,861.9949686227997,1036.1066393098606,199.81109297679532,272.24913022519024,684.6276574871448,193.6716874901436,657.2084372978208,1179.6383534978004,715.6591566432132,1010.587517781866,161.51989455857574,741.3874378161718,57.93692775513102,296.17265015904064,196.60602546347863,195.69780066923263,529.5405950260789,1289.1682932466765,101.98395375701617,317.4450620445011,846.4851682139741,1143.4020318333949,116.88654451174308,258.03867007998355,562.1198673320531,483.5521473738992,1154.6946976696202,101.50726841586149,633.2724344900538,677.2385218985146,702.0794339918092,38.34063198410044,561.4235053856281,386.68509052264153,824.9033737266966,528.2445045735826,99.51728385184,305.98972866709863,1178.5480248921638,667.6162608733059,106.86881314876601,None
Peak_5,44.29631564841291,456.3967353468918,134.9108967849679,696.0236995038453,501.48876641205834,142.3342618065244,188.50453284115886,111.3456932949042,222.57499111427532,83.05983305824348,795.5668309224848,212.20352700117297,188.2127030223068,83.52109545178287,101.54655524082337,237.82498323572082,62.89974325979501,91.3390994711313,315.1895868777588,821.0664963249077,163.74242433022792,70.39768090405467,150.6032572780134,124.85109565148451,999.3103871690224,127.78133394422541,493.4711209562246,227.49939569152968,87.3712680306133,106.06044216650392,88.08754455842572,494.4485636364389,656.4535248261059,298.10480353212415,69.35049389546235,1013.2028749430791,756.9455908622867,152.79277319307027,308.9778961289677,221.0291416007968,710.7598165011187,414.0759021401629,89.22277697535635,52.36989017031067,582.3049419162835,104.81791872550517,141.1375616776487,129.32249479686178,620.1626009924785,88.56144541543493,926.4617668500284,278.478350995838,25.992365831217874,91.09737914679658,974.0509502899575,994.1159120209156,332.63168535134037,60.466416380324624,157.94609910423847,1417.9660043758904,247.13012830861481,843.9440179940688,80.38076028840898,487.7186995541034,182.37924663432952,860.1267582983963,1056.9618819593256,455.6558189862956,157.47286990928728,198.43368022688165,498.1413881285699,139.81820639243185,999.4033596992372,348.5473521242314,262.42610284414553,65.62191964529622,2096.8646205602486,106.96911306932613,120.08783402573806,369.88758572639193,73.94104647972578,350.826819201652,405.8648971051267,305.5165311833493,183.39730615732262,91.87220097938686,169.28232697908143,1017.7311796922563,141.62898969490817,78.57619606654312,371.73715001348376,40.545014525495475,270.5645429458036,148.9682917382794,116.38497309266329,453.04537584278114,885.6973637185188,445.54104692494036,200.50695210388145,131.85948895116658,387.484823339467,182.2854159009513,146.15888930594446,112.77371157362845,108.25140250037121,357.2733722519528,65.84321897821415,144.62859088412839,132.61423082652664,950.2586560565961,861.9949686227997,1036.1066393098606,199.81109297679532,272.24913022519024,684.6276574871448,193.6716874901436,657.2084372978208,1179.6383534978004,715.6591566432132,1010.587517781866,161.51989455857574,741.3874378161718,57.93692775513102,296.17265015904064,196.60602546347863,195.69780066923263,529.5405950260789,1289.1682932466765,101.98395375701617,317.4450620445011,846.4851682139741,1143.4020318333949,116.88654451174308,258.03867007998355,562.1198673320531,483.5521473738992,1154.6946976696202,101.50726841586149,633.2724344900538,677.2385218985146,702.0794339918092,38.34063198410044,561.4235053856281,386.68509052264153,824.9033737266966,528.2445045735826,99.51728385184,305.98972866709863,1178.5480248921638,667.6162608733059,106.86881314876601,None
Peak_10,44.29631564841291,456.3967353468918,134.9108967849679,696.0236995038453,501.48876641205834,142.3342618065244,188.50453284115886,111.3456932949042,222.57499111427532,83.05983305824348,795.5668309224848,212.20352700117297,188.2127030223068,83.52109545178287,101.54655524082337,237.82498323572082,62.89974325979501,91.3390994711313,315.1895868777588,821.0664963249077,163.74242433022792,70.39768090405467,150.6032572780134,124.85109565148451,999.3103871690224,127.78133394422541,493.4711209562246,227.49939569152968,87.3712680306133,106.06044216650392,88.08754455842572,494.4485636364389,656.4535248261059,298.10480353212415,69.35049389546235,1013.2028749430791,756.9455908622867,152.79277319307027,308.9778961289677,221.0291416007968,710.7598165011187,414.0759021401629,89.22277697535635,52.36989017031067,582.3049419162835,104.81791872550517,141.1375616776487,129.32249479686178,620.1626009924785,88.56144541543493,926.4617668500284,278.478350995838,25.992365831217874,91.09737914679658,974.0509502899575,994.1159120209156,332.63168535134037,60.466416380324624,157.94609910423847,1417.9660043758904,247.13012830861481,843.9440179940688,80.38076028840898,487.7186995541034,182.37924663432952,860.1267582983963,1056.9618819593256,455.6558189862956,157.47286990928728,198.43368022688165,498.1413881285699,139.81820639243185,999.4033596992372,348.5473521242314,262.42610284414553,65.62191964529622,2096.8646205602486,106.96911306932613,120.08783402573806,369.88758572639193,73.94104647972578,350.826819201652,405.8648971051267,305.5165311833493,183.39730615732262,91.87220097938686,169.28232697908143,1017.7311796922563,141.62898969490817,78.57619606654312,371.73715001348376,40.545014525495475,270.5645429458036,148.9682917382794,116.38497309266329,453.04537584278114,885.6973637185188,445.54104692494036,200.50695210388145,131.85948895116658,387.484823339467,182.2854159009513,146.15888930594446,112.77371157362845,108.25140250037121,357.2733722519528,65.84321897821415,144.62859088412839,132.61423082652664,950.2586560565961,861.9949686227997,1036.1066393098606,199.81109297679532,272.24913022519024,684.6276574871448,193.6716874901436,657.2084372978208,1179.6383534978004,715.6591566432132,1010.587517781866,161.51989455857574,741.3874378161718,57.93692775513102,296.17265015904064,196.60602546347863,195.69780066923263,529.5405950260789,1289.1682932466765,101.98395375701617,317.4450620445011,846.4851682139741,1143.4020318333949,116.88654451174308,258.03867007998355,562.1198673320531,483.5521473738992,1154.6946976696202,101.50726841586149,633.2724344900538,677.2385218985146,702.0794339918092,38.34063198410044,561.4235053856281,386.68509052264153,824.9033737266966,528.2445045735826,99.51728385184,305.98972866709863,1178.5480248921638,667.6162608733059,106.86881314876601,None
Peak_Dur_2,None,1,None,2,1,None,None,None,None,None,2,None,None,None,None,None,None,None,1,3,None,None,None,None,8,None,1,None,None,None,None,2,3,1,None,7,2,None,1,None,1,1,None,None,5,None,None,None,1,None,2,1,None,None,3,3,1,None,None,16,None,6,None,1,None,7,13,2,None,None,1,None,12,1,1,None,7,None,None,2,None,1,2,1,None,None,None,10,None,None,1,None,1,None,None,1,8,3,None,None,2,None,None,None,None,2,None,None,None,8,13,3,None,1,2,None,9,13,10,7,None,8,None,1,None,None,1,5,None,1,3,12,None,1,4,1,9,None,6,3,2,None,2,1,7,2,None,1,7,5,None,None
Peak_Dur_5,None,None,None,None,None,None,None,None,None,None,2,None,None,None,None,None,None,None,None,1,None,None,None,None,2,None,None,None,None,None,None,None,None,None,None,1,1,None,None,None,1,None,None,None,None,None,None,None,None,None,1,None,None,None,1,1,None,None,None,4,None,1,None,None,None,1,2,None,None,None,None,None,3,None,None,None,3,None,None,None,None,None,None,None,None,None,None,5,None,None,None,None,None,None,None,None,1,None,None,None,None,None,None,None,None,None,None,None,None,2,4,1,None,None,None,None,None,3,1,3,None,1,None,None,None,None,None,3,None,None,2,3,None,None,None,None,2,None,None,None,1,None,None,None,2,None,None,None,3,None,None,None
Peak_Dur_10,None,None,None,None,None,None,None,None,None,None,None,None,None,None,None,None,None,None,None,None,None,None,None,None,1,None,None,None,None,None,None,None,None,None,None,1,None,None,None,None,None,None,None,None,None,None,None,None,None,None,None,None,None,None,1,1,None,None,None,4,None,None,None,None,None,None,1,None,None,None,None,None,1,None,None,None,2,None,None,None,None,None,None,None,None,None,None,2,None,None,None,None,None,None,None,None,None,None,None,None,None,None,None,None,None,None,None,None,None,None,None,1,None,None,None,None,None,2,None,1,None,None,None,None,None,None,None,2,None,None,None,2,None,None,None,None,1,None,None,None,None,None,None,None,None,None,None,None,1,None,None,None
Peak_Fre_2,None,1,None,1,1,None,None,None,None,None,1,None,None,None,None,None,None,None,1,2,None,None,None,None,3,None,1,None,None,None,None,1,3,1,None,2,1,None,1,None,1,1,None,None,4,None,None,None,1,None,1,1,None,None,1,1,1,None,None,4,None,2,None,1,None,3,6,1,None,None,1,None,5,1,1,None,2,None,None,2,None,1,2,1,None,None,None,3,None,None,1,None,1,None,None,1,5,3,None,None,1,None,None,None,None,2,None,None,None,2,4,2,None,1,1,None,6,3,2,2,None,4,None,1,None,None,1,1,None,1,1,4,None,1,3,1,4,None,3,1,2,None,1,1,3,1,None,1,4,3,None,None
Peak_Fre_5,None,None,None,None,None,None,None,None,None,None,1,None,None,None,None,None,None,None,None,1,None,None,None,None,1,None,None,None,None,None,None,None,None,None,None,1,1,None,None,None,1,None,None,None,None,None,None,None,None,None,1,None,None,None,1,1,None,None,None,2,None,1,None,None,None,1,1,None,None,None,None,None,2,None,None,None,1,None,None,None,None,None,None,None,None,None,None,3,None,None,None,None,None,None,None,None,1,None,None,None,None,None,None,None,None,None,None,None,None,1,3,1,None,None,None,None,None,2,1,2,None,1,None,None,None,None,None,1,None,None,1,2,None,None,None,None,2,None,None,None,1,None,None,None,1,None,None,None,1,None,None,None
Peak_Fre_10,None,None,None,None,None,None,None,None,None,None,None,None,None,None,None,None,None,None,None,None,None,None,None,None,1,None,None,None,None,None,None,None,None,None,None,1,None,None,None,None,None,None,None,None,None,None,None,None,None,None,None,None,None,None,1,1,None,None,None,2,None,None,None,None,None,None,1,None,None,None,None,None,1,None,None,None,1,None,None,None,None,None,None,None,None,None,None,2,None,None,None,None,None,None,None,None,None,None,None,None,None,None,None,None,None,None,None,None,None,None,None,1,None,None,None,None,None,2,None,1,None,None,None,None,None,None,None,1,None,None,None,1,None,None,None,None,1,None,None,None,None,None,None,None,None,None,None,None,1,None,None,None
SP_Mag,13.9075369746455,162.24698371144692,110.57572901361992,113.80330589915036,139.3843626606737,88.73008659016207,62.840109407025,86.30060652499003,176.19327300803653,31.999107068415366,148.3051913148085,161.95572870987075,130.54418004306626,83.52109545178287,101.54655524082337,141.71105687403463,52.890408905485465,49.218249919296106,96.08204656578329,459.17047951436376,61.53129621690147,17.185346867846118,54.39596484490117,74.80720318897377,999.3103871690224,108.0755573320428,97.34580306432969,188.2195761469185,66.63968666856901,28.34577251900808,52.5675190344475,194.35915263402745,207.49287174113903,140.15499325108223,65.68877899988635,1013.2028749430791,201.1539979759277,69.28085988720592,185.50136951647946,169.63549564621212,199.23370381573358,42.132897881750175,56.751978965678475,31.534747650144787,257.2153735787793,76.37275698887822,122.87973236796688,103.39672301904301,151.81322425106453,46.50837392623446,197.4474114056824,278.478350995838,17.634990806971988,91.09737914679658,146.42675627887806,132.98647257585122,112.33557639124248,56.95885745129422,103.38827364056904,1231.965199320373,46.293335055834724,843.9440179940688,80.38076028840898,22.664249360385746,96.54534726171777,141.8152457165433,472.7751737016758,455.6558189862956,12.993042891097353,48.68442378376457,113.75942555958929,102.79761203699572,223.75221401351672,64.19634815017761,168.41806061334196,16.868535951397806,665.2029695829248,106.96911306932613,99.76324746702265,207.65324658809647,42.92293561842241,31.714450361482314,159.79591861241292,97.808590053721,116.24913021330902,40.950029735117774,58.784123070326174,1017.7311796922563,51.45030415045461,24.98996498744208,166.24727405664484,40.545014525495475,270.5645429458036,71.29709049364928,58.12390364954845,168.81234814539943,197.61414898402103,264.2013653894051,132.6538336146168,87.13628531994102,253.76479093867974,153.5060991028077,97.7931722813052,34.90180358019288,87.11549422189401,141.71105687403463,22.904939076454237,85.98511611865932,39.71042294628492,950.2586560565961,861.9949686227997,152.2074250641517,140.88279275405398,237.7593886897344,199.29924471040482,135.51986143937046,169.86888031151818,977.7096940124336,715.6591566432132,1010.587517781866,109.4529453759458,324.69511097539987,30.632144520887532,71.05617145580591,97.34104040612938,165.46810103604332,81.28686909603653,819.6428523129283,17.043257427149893,101.62814526901323,211.9560026372816,717.010547179134,42.19484463964169,206.10225726772583,432.824091711747,105.34266515502527,421.6456712022572,57.86806270588804,633.2724344900538,677.2385218985146,598.9222442225714,26.22115154276424,432.22056314647466,185.75568877922646,508.17553193114867,155.37785810938092,97.8945878698312,172.81998144659784,191.29598728556962,667.6162608733059,69.26784378410451,None
SP_Tim,202,196,195,202,162,167,175,155,112,217,124,207,166,165,209,168,208,143,110,156,198,192,164,160,142,170,148,114,156,206,121,121,123,159,202,124,152,130,108,147,151,188,152,205,168,149,176,167,96,180,128,2,185,198,123,157,198,150,144,134,174,113,85,132,201,168,153,144,114,204,157,151,178,125,172,169,157,176,194,136,194,206,163,206,155,207,163,113,154,159,170,178,175,150,177,165,202,148,202,168,117,156,164,127,177,131,110,197,177,118,139,84,169,106,152,129,197,118,141,118,204,195,221,175,170,155,156,116,195,169,165,145,101,196,176,140,161,200,146,164,150,195,105,201,110,111,155,181,151,152,145,None
SP_Dur,46,42,46,41,78,72,59,82,127,39,107,67,63,53,57,80,38,85,65,124,39,34,58,77,69,50,60,85,27,37,129,92,46,60,42,97,50,107,77,44,93,50,111,28,65,60,89,68,97,48,38,231,33,40,36,65,49,32,83,84,69,99,171,104,39,83,46,80,97,41,65,54,74,98,43,61,42,69,41,66,45,44,61,46,68,42,62,75,64,44,63,42,45,28,58,65,37,67,40,53,110,69,56,51,47,62,47,42,43,70,96,133,51,74,46,107,40,99,72,77,49,44,39,62,45,66,68,127,34,55,55,92,40,50,74,68,62,42,69,52,70,46,35,40,61,35,31,46,31,68,52,None
SP_ROC,0.010437034736686585,0.11762539981831575,0.10594980617178626,0.11036413178261989,0.08359439429446539,0.08021676574086363,0.10567414623383958,0.09669964592416487,0.07379634400743709,0.015865601828933172,0.07499025794391175,0.11239404950542581,0.10652966504526203,0.0104455222772141,0.07866532389501454,0.10157141418164277,0.10981803930828998,0.08545775273234935,0.06581929361720135,0.1187845355683407,0.10934665228480633,0.07434351565033188,0.08243011596319787,0.09997485744171972,0.09571743786143956,0.11571738314370401,0.08488775560039229,0.08899812305190122,0.004070692582929259,0.013287785081618616,0.00858015640245757,0.09407167085655448,0.07224409404390236,0.09616340246552665,0.09131746190959576,0.08556276828575915,0.09837456908323008,0.08769896730215415,0.07309433876258781,0.08180248334228732,0.07038813025828086,0.10016465516307588,0.08029870471591018,0.011316082212136029,0.08734737126578832,0.09654996648097791,0.08979633260325774,0.08707724200211367,0.07291454493206129,0.06879701206823277,0.06833492965904532,0.10076642336286153,0.002670996803209259,0.01301446886414117,0.08549067738376609,0.09082009887072781,0.09716066714360846,0.11496386568216682,0.07904252794200672,0.08530891111777703,0.015247985578405558,0.0841105375986009,0.01410110265247509,0.06501633718791136,0.12738341254098137,0.09350272204897794,0.09730001064463495,0.08311469292110805,0.013365985727905922,0.017546839330362538,0.10821720068657388,0.07619268112233127,0.10677571793544025,0.0794201121941416,0.09348372413767123,0.029230454958700268,0.09820579290747015,0.11575230872305578,0.10307884676893361,0.08421402233556963,0.09918806762347815,0.06160835684578482,0.10810280308387737,0.10422378033949818,0.11081142075708633,0.04934209617267747,0.0835679913147434,0.07621797772672675,0.0766826652166519,0.06072586518370972,0.11128685671953534,0.010617621289123066,0.11838060814114273,0.021285440905564796,0.12469099466879474,0.09049426635162011,0.12804386958681255,0.10364311679314775,0.10492794648637721,0.11003084062710766,0.08658631908352638,0.09981367591509549,0.09121878791592283,0.07939754833976256,0.09518516855465711,0.08786761182527286,0.14841306684813477,0.10382533947884762,0.10604120837860465,0.08265933829645386,0.0984346443724292,0.07191157070811605,0.09862852295775906,0.08309951426043098,0.10036584486426188,0.0810202081536951,0.11315719242338287,0.09496070169765324,0.10163988273782418,0.0963071071990037,0.09687624124707955,0.1385849011804574,0.014345527863953038,0.0846258361527562,0.11476357452337728,0.1051911135208522,0.09256077178670061,0.09999280018562463,0.01435935292925876,0.10041150145372772,0.1044713641362631,0.10569234306872954,0.05041842240152295,0.09862007523590675,0.10257572580120972,0.09940832532073984,0.10374346003552179,0.0728902557054069,0.1008401988244942,0.1074940428277192,0.10534917218659666,0.01243308493968026,0.10207715439751043,0.12660789136120615,0.07501511071788902,0.08795696489280477,0.006640917265651882,0.10455419439695805,0.08050681384265115,0.1078408907383292,0.06506632846491803,None
DS_Mag_50,0.5230988077856608,0.8684030930012274,0.5342543720711371,0.5600899098936285,0.6079122688026989,0.5899590950615886,0.8232382225089476,0.729377335609314,0.5272330463892729,0.5272249391585411,0.8989326087897807,0.699379907070947,0.5307147116102815,0.5281368372753901,0.5454742006827044,0.6018180002048082,0.5734704399958166,0.5274605827088272,0.6183617959453398,0.5558714286941516,0.7968779706834761,0.5275254684626328,0.5570864426604161,0.7925298716082261,0.5870173435780244,0.5672743240518254,0.5345741426521946,0.7359462968368671,0.5649269930660885,0.5283697671243333,0.5254803264206453,0.5309572717312959,0.6025875413828471,0.8761612851290796,0.5868918538347943,0.6732058440461492,0.5626139964262091,0.5472214600268129,0.5533391947247542,1.0942304336263011,0.5343343726370977,0.5739563213628804,0.5335806247032895,0.5247406314511905,0.5647100408496156,0.5314231482444302,0.6629164724016675,0.5424951080372327,0.5442686447547098,0.5301846539485606,1.0220462179181369,0.5325832644284292,0.5200173896486016,0.5487473402090215,0.8675224919194191,0.6277659811768392,0.6461013528405652,0.5534185236581478,0.6224257299542373,0.5341757878992459,0.5356923481751064,0.5307089065514762,0.5250276583265099,0.6966060712356066,0.7443972901308883,0.6258088380888819,0.7853070781580822,0.625553058829198,0.5258866053938726,0.6351495967367262,0.5371071217929347,0.5695125819840258,0.5385780151185378,0.6041275256710972,0.5314337751154017,0.5436422127021379,0.5485465556473603,0.5317198657108453,0.7802368458171596,0.5699787780597516,0.5365010493191957,0.5620306766507034,0.5277321847104082,0.5418673104442697,0.5491567651940253,0.5490611057719835,0.6653448780523701,0.7323613815433148,0.5289480584883999,0.5440024997444182,0.5700119788545908,0.5366158721263911,0.5324395221914876,0.6893698381820718,0.5376238366025016,0.6196208263590339,0.6760126321330734,0.5423952031211969,0.5641445906494884,0.55092826834562,0.6622349981075724,0.6650922690123627,0.5423133907370734,0.8357041321857556,0.5728078973250823,0.6111803070922817,0.5261137135651931,0.5380269774682148,0.5979038726560617,0.7231374929234738,0.6377944171766767,0.5904242010501819,0.5298743318144865,0.5543934585979242,0.5286355840317062,0.5327809455692686,0.7441466579679445,0.7377834291247578,0.5665248215089415,0.821403462652472,0.6272860987073856,None,0.5222720916472455,0.6038712114921475,0.7119975821540628,0.5481606841335972,0.5517814351486785,0.5657426009084747,0.5258549756011685,0.5675739760548237,0.5647378564852058,0.6363957511467576,0.5890370935276124,0.5886862660957543,0.5810177183810221,0.5306848700839939,0.6350383922194653,0.6140360447280756,0.5824473654027167,0.5468662177492353,0.5284809586559621,0.527713756063953,0.6039582951396101,0.6509187493743176,0.8172149952149477,0.5860294033380153,0.5665419071330877,0.551273279794412,0.8433063555802855,0.5296512006732466,None,None
DS_Mag_90,1.6035330799402394,4.852280682512439,1.0955189711297462,3.814657291640686,1.5543504486626851,1.29378441328403,5.705494969092225,11.33049996245488,1.117027968274786,1.0225307548918026,4.314492318991303,4.527324142342717,1.1443415057213586,1.0540416289845933,1.7105442914038145,1.3410966438858511,1.1254169086270431,1.0338232229797173,2.453334157467672,1.0412858177530664,4.690938429336436,1.143099485789254,1.5764856555499236,3.4919066368849685,7.5213789402577556,1.3177712653729592,3.8191042218949733,7.288127437462604,1.7921641814343519,0.9590176919333625,2.3655129568959707,1.1862176086356424,16.26255098398194,6.535909967383019,4.821249644407166,3.7456698152981454,1.3687675519325078,1.18313658650922,1.5307184850645008,14.253983599602073,1.0832848486216229,3.037540714390458,1.048943902449255,0.7228974217329606,1.6496606509121654,1.2151818873268794,6.039543760656894,1.277606299551244,1.4493951801496419,1.8040856695476348,22.832000254189033,1.0007800057761207,0.5281794423323363,8.69451163118711,16.77436659052504,2.1687307760488235,2.6542015832460404,1.6469878092231505,13.064277700139574,1.3269000215167062,1.9053585415252807,1.1809682324084678,0.6413456289144388,3.1632399243978933,1.9162716586089843,4.258141393969837,19.92337741076836,2.2781233156903435,0.7619165888978671,8.582399044984953,1.1976345506486166,2.5999609296716564,1.1511366285955709,2.99445328735305,1.1588353859390386,2.340259086506858,1.4162934783005987,1.1555635018689996,5.56084919333609,1.5332650879684753,1.1342756754366252,1.651524130428632,1.0257925140118573,1.6106516501458454,1.3074363052736504,2.077036539678109,9.784085193098873,3.71603837176878,1.095124797885349,5.1574672232560275,1.1835116386289695,2.867718840372068,1.2835168242917832,4.846111957331747,1.2672107205544472,5.712324568652179,4.257677209375491,1.4149525463926906,1.4408398486999907,1.5407276387431412,6.34056904393775,1.2907389010694572,1.196281249063679,6.717119365088275,1.8841426971500517,1.6468099263614977,0.8640734521688218,1.0211687549701243,7.828804372583715,10.536262693456704,1.2540772336261006,2.7241566580102505,1.2667681336001393,1.5164122077954163,1.2787380772346255,2.4863943708937897,2.271993362594484,4.524619307235973,1.6325932753100156,12.89613663532627,3.6343648799751964,None,0.6139160334665121,1.404661455647472,6.415647810644977,1.2573220441095379,3.880055609637786,1.2046741797527787,0.9829797544755523,2.474594472281936,2.5675002503588313,1.306849939927018,5.30289784483498,5.424433709493309,1.2414592465572982,1.2259432937769006,13.80681182032654,8.318507836022414,9.048445349870724,1.33224668638656,1.001911490114752,2.1829869267573754,9.055134322843449,6.074112632951712,32.034527257481095,23.17448178678539,2.405612300001423,1.172951493797895,41.669388275607524,1.1182076965501662,None,None
DS_Tim,248,238,241,243,240,239,234,237,239,256,231,274,229,218,266,248,246,228,175,280,237,226,222,237,211,220,208,199,183,243,250,213,169,219,244,221,202,237,185,191,244,238,263,233,233,209,265,235,193,228,166,233,218,238,159,222,247,182,227,218,243,212,256,236,240,251,199,224,211,245,222,205,252,223,215,230,199,245,235,202,239,250,224,252,223,249,225,188,218,203,233,220,220,178,235,230,239,215,242,221,227,225,220,178,224,193,157,239,220,188,235,217,220,180,198,236,237,217,213,195,253,239,260,237,215,221,224,243,229,224,220,237,141,246,250,208,223,242,215,216,220,241,140,241,171,146,186,227,182,220,197,None
DS_Dur_WS,197,277,153,182,215,191,218,186,211,199,266,224,161,183,175,159,139,166,271,122,285,236,189,230,218,217,223,183,287,149,196,198,287,270,207,184,196,151,252,284,151,238,161,201,180,214,205,191,286,232,301,152,170,222,297,240,224,287,226,204,202,179,157,274,164,193,254,220,191,218,191,236,166,254,180,217,263,201,225,241,182,192,170,166,271,153,203,296,212,254,147,246,225,323,203,219,215,233,172,232,230,250,168,313,218,197,236,175,224,273,170,250,194,268,225,204,195,245,235,340,242,None,178,179,228,253,225,185,197,242,227,139,338,203,144,188,220,225,248,217,160,203,327,193,274,241,306,199,233,228,None,None
