Year, 1950,1951,1952,1953,1954,1955,1956,1957,1958,1959,1960,1961,1962,1963,1964,1965,1966,1967,1968,1969,1970,1971,1972,1973,1974,1975,1976,1977,1978,1979,1980,1981,1982,1983,1984,1985,1986,1987,1988,1989,1990,1991,1992,1993,1994,1995,1996,1997,1998,1999,2000,2001,2002,2003,2004,2005,2006,2007,2008,2009,2010,2011,2012,2013,2014,2015,2016,2017,2018,2019,2020,2021,2022,2023,2024,2025,2026,2027,2028,2029,2030,2031,2032,2033,2034,2035,2036,2037,2038,2039,2040,2041,2042,2043,2044,2045,2046,2047,2048,2049,2050,2051,2052,2053,2054,2055,2056,2057,2058,2059,2060,2061,2062,2063,2064,2065,2066,2067,2068,2069,2070,2071,2072,2073,2074,2075,2076,2077,2078,2079,2080,2081,2082,2083,2084,2085,2086,2087,2088,2089,2090,2091,2092,2093,2094,2095,2096,2097,2098,2099,2100
FA_Mag,None,38.321691922163865,489.03158135016776,33.26977877142539,101.1050914028391,395.45624515736336,756.257315876032,45.385047005435844,25.810717540415528,57.789989641046766,33.50557171220431,67.04071919294566,63.61292943358938,37.5121497506569,42.503111628909174,78.50270987505117,407.9260864514365,48.580751311687095,None,604.1206896082198,488.3755312410351,100.14512884939784,None,233.22539108918357,207.29988355550597,305.7892181906681,535.4122532818197,140.98623241156213,None,54.72083661057462,75.29425338953115,32.40011990719867,428.827535076703,72.2700816816702,435.6122833977671,87.00354097165794,44.93931627287872,182.91716085132703,459.99200769986555,29.840090957360815,196.51883003830804,68.60065277984812,79.88256697569825,56.135265338202785,189.39565927227147,31.975207805802718,379.2578143518526,None,273.72240680367236,25.30515396929488,133.7087639868164,44.03878352178246,31.43143468555129,39.221301617587415,24.868571373918027,31.054867216240698,80.99890137574545,95.685992166063,272.81903769019976,26.1812598458198,None,52.09513056234715,None,None,131.35538388791994,40.68779021057381,93.08872384334049,None,40.19351045959825,85.05284933267433,226.3212110125869,135.28086431984167,158.0433941538542,45.18264924709842,922.8593061112008,93.97582890849036,30.774893268340016,130.83493664048206,44.03308133519287,361.95867401373164,669.0330348604022,39.265763855450075,102.73851927150507,217.47988343631502,226.41929806965652,35.80330847797513,None,875.2028565246109,296.33901240207774,80.72492934211009,40.475274895439235,161.67552960574423,292.6323937610921,32.85507887231103,None,None,67.20585767960148,44.04217511993884,53.90979024791588,27.28924590828742,113.95647407800453,59.56989880753075,33.656692486755034,233.11888121737465,33.00553748113693,193.46283980635434,234.96471793745076,89.20399120382389,28.404202414448193,126.31545883519397,31.124386162942006,55.12174558264886,27.448438893282162,855.9962860459573,None,434.3975674394551,218.0802659215978,34.46425086606847,358.97805717033646,256.75830491113106,323.0207343149908,45.97011114262768,90.89706385199969,185.30182416731137,35.631693659003055,None,54.14600778546667,92.86295045205742,473.26331028149406,57.92852772299333,44.40064569560405,81.8629361677544,27.959820529558023,75.09631967982516,199.8561130374842,49.249042446142965,35.320452502409516,364.98779979762145,2374.6553225388247,215.05192739522593,303.46004748305614,45.743525074049806,110.62190925070755,28.244054254226974,81.05181143028074,166.125649262634,132.81769732090078,255.11227121046412,349.3598278814807,138.01463294505254,None
FA_Tim,None,7,22,30,23,30,45,7,2,17,23,15,6,20,14,8,10,15,None,4,18,21,None,11,45,15,15,15,None,12,21,14,16,20,23,8,4,12,20,42,2,20,9,1,16,16,6,None,11,4,55,1,43,2,9,2,21,20,23,16,None,23,None,None,29,21,23,None,6,2,0,15,10,41,6,27,7,10,16,2,8,0,4,6,37,3,None,32,2,1,18,0,29,17,None,None,27,0,4,2,10,10,2,32,13,2,2,17,5,15,1,47,21,36,None,1,12,12,2,12,31,2,52,41,27,None,3,31,42,6,12,23,23,8,22,11,6,1,2,5,7,12,3,6,0,11,20,52,39,17,None
FA_Dur,None,3,2,1,3,3,3,10,2,2,9,1,2,8,7,3,2,3,None,7,2,1,None,3,3,2,2,5,None,5,2,6,4,3,2,3,6,2,11,2,1,2,2,1,2,7,4,None,2,13,5,4,5,6,3,3,2,4,4,7,None,10,None,None,7,9,2,None,2,9,7,3,2,7,3,4,9,2,3,4,3,6,4,5,2,3,None,4,3,6,4,1,2,4,None,None,3,5,3,4,5,2,5,2,5,9,9,3,10,2,8,4,1,3,None,4,2,5,3,10,2,5,6,13,4,None,1,2,3,3,4,9,8,3,8,6,3,2,3,4,6,3,7,4,6,3,7,3,2,3,None
Wet_BFL_Mag_10,0.0,12.636244839480641,53.43818382058751,18.288493768303436,36.44276127720469,23.51040560719415,32.49516813904677,11.815493103266054,15.610797884322396,21.996320379145164,11.876361985634212,20.723509963732457,100.43928669019328,24.76538761826315,14.55779704535548,13.86616672871352,235.2260947522946,35.03725840103027,20.03057191303259,49.799348363766725,18.78482123642675,256.88617991262805,16.321116906225512,15.913666298455642,14.159993921555735,18.45874774319087,None,23.35992740185918,12.717347033052878,11.910198063794901,18.158728870280836,16.49548535458327,18.212702423949036,14.849985553320158,14.079330760917067,483.1713899485005,54.41619857318851,35.77437232565111,17.313864004513906,11.95790273279655,29.849220222127784,16.05134458108071,17.386990964010028,39.39125645485939,14.751204683621078,35.26720481636586,63.54942511956668,11.926848491942353,13.092382983813874,25.375802923815996,69.02146312660888,19.6637387957437,14.593447113458597,11.994870915249251,12.901326732113237,13.774326402999444,14.321923736435947,14.80766878301992,26.258423230062512,11.743100812858264,14.870570392377164,16.156700040974133,11.90434048529071,13.174888176588395,13.001787721637903,11.857031709070974,94.86724274681703,12.231825848135598,11.761450094150927,14.893107871443931,11.931401267257943,217.84487062304868,38.43813605399996,13.672644570303973,18.636312334797196,42.373033489272096,12.313000686390076,14.57053979832448,22.46259920127816,19.820592919124127,125.86603287258527,13.143411972706565,13.129179370578061,38.26062920825073,26.71668338187531,19.75686407901695,12.825396154640302,19.026246264748174,152.41592462295148,121.39592438149253,111.446872724293,113.26398938872617,49.10509362589683,30.174181959641242,26.258494202455843,11.875069470550038,11.683658216786693,18.594723175841214,19.88039460430513,27.76375937510757,12.16458976832601,16.919090483641853,24.70689367917788,25.376440569249716,16.31920405743685,14.561923866468284,36.84740179399589,233.07765062874088,230.34271161567622,22.382563180988665,12.357580700353282,12.762103757526855,146.74783514118508,12.97145257690019,21.17974102758523,42.39510628169618,29.96074189306718,20.661178286962226,17.675402836536215,33.60663393049453,18.05981433000187,136.02812490438225,11.652852302197505,12.748216910385228,12.831708433786504,12.938807757691633,24.484426388013013,94.82635384811883,95.88351801516993,639.233903070477,18.534022059923924,12.775667128660512,12.430631435194353,16.18790230137642,13.29049135401424,23.916023202972262,12.68144752517255,21.870451980091616,157.7193271406306,18.753295742770625,14.83387995713,12.631472268973827,14.995153831249882,24.48259917963208,14.242880539079009,12.171198199659406,11.802832374116164,11.791524105033334,17.46818975697648,13.486648483125336,None
Wet_BFL_Mag_50,170.9471571578919,122.85116415614503,333.04194197671785,523.1934720065535,580.6548498978427,846.9403297870685,183.31964910695012,71.0214894601402,626.787083572024,804.6166137345795,19.18956743261452,277.3112039708377,1216.789016098316,117.92202377693899,205.75766635064184,158.5449565575071,1004.5960497999088,285.1850035301864,314.18731616077423,455.21929891285004,60.49048725648001,1311.095537500888,122.91369107264951,113.54206767117118,18.301191663134016,349.1071246655247,None,798.9255288359697,380.575349313624,13.526387911682766,87.91064169600776,109.58868423967729,459.24167060443045,70.66671627992642,238.08224405305558,2018.411892901314,621.2523544825916,498.74670159572383,75.4663988442056,492.6408411946882,192.78392014898463,763.2680914576208,86.33395280910395,424.6235164340867,250.0850637092489,728.9793554265325,1432.9033089434731,18.81540517806156,80.71420063720679,141.7739957121848,647.357482228987,101.43654089977233,809.5556846234786,20.066377068181268,249.59608599251902,551.8388875343624,158.99807717980542,44.81729690127574,769.1917878501314,30.12043149386313,68.69675747155227,442.5545156049363,31.038998233345055,42.5500831379532,111.21440105039122,51.82523078140454,550.6188619793037,20.606712524485687,41.818233641133816,84.10745133566232,32.7387098012718,2226.181431931904,1114.763784862433,20.66850397021125,249.77774862194005,437.53189044990137,25.268759234992004,41.271868760616094,251.36933912225646,1033.4190284776303,1762.7772583968658,36.428201086440744,166.2548037624677,500.26111436021415,94.10172364529664,166.65429515048953,55.29667048979353,381.723892682658,1080.0965016714035,862.912312659158,321.7541861135318,215.35908045221692,588.0538680520365,175.88964864293501,687.7152687183802,15.744172867809912,12.317781677636757,59.28809884370736,135.86265976304435,601.1072641130593,35.95804587415692,166.76584636016094,844.5309951463839,400.162362417141,135.79464465275007,63.86524716214634,1379.3012206493959,1910.3757347498054,1239.7005322832974,250.62344982465092,22.06486613531938,193.6340253615124,684.5446389863598,21.276168886453206,115.06892839525509,954.4751067281434,229.10961767078732,1411.422860407753,508.28362136371027,323.45076056356805,689.896875390873,493.8079435150485,20.633728300455864,229.85224585263245,337.2569522642177,34.724553578976575,375.14853028001494,799.6665207090834,932.6741520331544,1581.377210376911,33.488954317450954,38.95719567302111,165.6000002871166,379.46497997586675,84.50852792615886,225.02304133556672,376.17482604015913,261.97880573668795,599.9573865622401,57.67148627812047,705.6797595778255,71.82110178634859,175.97628739173888,45.96277136963018,74.83357884901923,245.5547542174461,17.083145524102953,12.283610082960296,232.42656513171852,18.877415563631715,None
Wet_Tim,78,101,28,56,65,70,95,69,89,69,64,27,47,103,56,9,85,27,16,130,38,59,21,55,122,56,None,93,77,37,27,30,58,72,52,89,97,79,33,76,130,27,98,106,109,75,58,30,64,30,115,105,117,37,106,113,89,73,46,95,34,92,17,16,70,27,126,23,61,66,15,73,125,57,127,72,7,97,54,110,66,71,83,101,91,48,35,38,131,94,101,111,53,57,114,43,58,93,86,79,23,47,69,42,47,82,67,54,57,111,75,73,86,36,27,101,52,99,64,121,46,58,123,55,61,7,74,95,82,68,29,51,32,71,93,29,108,64,83,102,100,18,99,36,63,71,45,58,45,118,None
Wet_BFL_Dur,115,68,126,114,113,66,77,62,46,91,145,102,126,44,122,152,57,154,160,76,152,52,146,113,93,128,None,76,89,61,148,140,108,103,112,81,69,124,160,90,68,150,33,106,97,97,103,149,103,154,102,59,64,110,48,64,65,48,101,47,150,37,72,183,85,119,77,174,93,86,75,133,78,134,36,91,177,99,152,61,66,73,125,55,89,155,170,121,58,57,105,33,153,106,80,98,65,79,63,121,116,100,82,109,149,68,90,67,103,81,43,127,63,150,135,38,150,55,86,70,45,75,84,103,104,156,134,60,51,56,123,145,166,135,105,159,44,145,63,74,38,113,29,105,141,60,114,29,158,79,None
Peak_2,1434.3380877175975,3140.3292412047267,2555.032738065701,6458.0040186427905,14686.424656849556,3155.143921587858,2883.1670424164263,2709.95794067542,4156.261568109367,4395.403865619188,1175.0191596657655,4402.5835614687985,8480.102854619528,6235.5155140978295,3594.6908367879573,1517.8834937565173,3701.22767729836,10092.03539019746,2364.477198428155,1908.3263935464895,2488.8206857386263,5226.2624317885575,3497.0855609564646,954.5019370409264,994.7074651189508,2213.4319010744002,556.9611119852434,3614.8815525518403,3289.603425739348,1733.4624447430124,1978.9960480631491,1894.346789548338,4668.339769974886,2257.7544282072085,2456.882422877839,5373.259274580466,4316.5462231521415,6184.880830273076,1873.4766510856366,3357.658923068589,1720.1872830352102,3936.5806110043764,10242.25910428115,3360.257945504272,1878.0347012671014,3174.785365662707,10445.835026335826,1104.3884945197572,1802.855232784545,1698.4527957987534,10645.907459082468,1409.1869284251038,15671.778959550169,1730.7013087568546,27509.42893812076,9719.253010619925,3014.298315255337,9803.683472891958,5249.390705084206,958.310860075624,1386.880262648608,5986.1207669241585,1032.0140664343223,1050.6543416594534,2627.658150086473,1018.9361353278497,5225.256962570896,1314.6616024105485,956.6026015440538,11046.918496903601,1154.8432675358247,21289.989161365233,5462.898440183329,2636.877932508139,2046.9533230901761,2960.8034180200043,1037.707533785353,1495.5975841325464,2744.119028712891,12771.682606882749,21645.25065638475,3325.2906246264533,3508.2061504200274,1944.272282137752,3997.398858956014,2125.2495356204267,984.163829028926,2742.032132912584,3836.451836528384,4258.1435956476125,5004.259553376295,10259.772032335364,10613.056256277585,2569.582421116981,11650.34211193618,483.32323790745966,2808.42017309391,1499.4938554114362,8027.2320763853495,4234.609996684011,2838.468200021597,2078.6424967972885,6549.527238883329,5456.41536633259,2006.5505642093933,2800.067246626935,16451.004521781128,15855.204682237505,5261.559362830179,1804.7002726655758,2346.193534653158,3245.977619221349,8051.272459392945,1375.0538637587467,2362.7751340905284,10334.207398788009,1888.8737555874507,8960.759258544995,3580.6231480059137,2620.9424437823045,11521.544094807505,10938.218063277196,1262.5862270146945,2605.0842440858223,1856.6298742680358,1497.9090409043295,4927.1132935775895,30412.118731321276,8493.426827396659,35494.22385694123,3161.859811968991,751.2109027789029,1345.5800233558352,5730.355673202304,1480.371309968972,1808.3860952011933,2375.052686152245,5569.843333430384,6424.885271211306,844.3930929806938,18322.0024130248,2495.3237433783042,15235.014845186264,2032.9625863639194,1938.8499893640371,1750.6389024338407,1374.8252452384932,5364.941867835802,7334.619010264884,1095.8485493283777,None
Peak_5,1434.3380877175975,3140.3292412047267,2555.032738065701,6458.0040186427905,14686.424656849556,3155.143921587858,2883.1670424164263,2709.95794067542,4156.261568109367,4395.403865619188,1175.0191596657655,4402.5835614687985,8480.102854619528,6235.5155140978295,3594.6908367879573,1517.8834937565173,3701.22767729836,10092.03539019746,2364.477198428155,1908.3263935464895,2488.8206857386263,5226.2624317885575,3497.0855609564646,954.5019370409264,994.7074651189508,2213.4319010744002,556.9611119852434,3614.8815525518403,3289.603425739348,1733.4624447430124,1978.9960480631491,1894.346789548338,4668.339769974886,2257.7544282072085,2456.882422877839,5373.259274580466,4316.5462231521415,6184.880830273076,1873.4766510856366,3357.658923068589,1720.1872830352102,3936.5806110043764,10242.25910428115,3360.257945504272,1878.0347012671014,3174.785365662707,10445.835026335826,1104.3884945197572,1802.855232784545,1698.4527957987534,10645.907459082468,1409.1869284251038,15671.778959550169,1730.7013087568546,27509.42893812076,9719.253010619925,3014.298315255337,9803.683472891958,5249.390705084206,958.310860075624,1386.880262648608,5986.1207669241585,1032.0140664343223,1050.6543416594534,2627.658150086473,1018.9361353278497,5225.256962570896,1314.6616024105485,956.6026015440538,11046.918496903601,1154.8432675358247,21289.989161365233,5462.898440183329,2636.877932508139,2046.9533230901761,2960.8034180200043,1037.707533785353,1495.5975841325464,2744.119028712891,12771.682606882749,21645.25065638475,3325.2906246264533,3508.2061504200274,1944.272282137752,3997.398858956014,2125.2495356204267,984.163829028926,2742.032132912584,3836.451836528384,4258.1435956476125,5004.259553376295,10259.772032335364,10613.056256277585,2569.582421116981,11650.34211193618,483.32323790745966,2808.42017309391,1499.4938554114362,8027.2320763853495,4234.609996684011,2838.468200021597,2078.6424967972885,6549.527238883329,5456.41536633259,2006.5505642093933,2800.067246626935,16451.004521781128,15855.204682237505,5261.559362830179,1804.7002726655758,2346.193534653158,3245.977619221349,8051.272459392945,1375.0538637587467,2362.7751340905284,10334.207398788009,1888.8737555874507,8960.759258544995,3580.6231480059137,2620.9424437823045,11521.544094807505,10938.218063277196,1262.5862270146945,2605.0842440858223,1856.6298742680358,1497.9090409043295,4927.1132935775895,30412.118731321276,8493.426827396659,35494.22385694123,3161.859811968991,751.2109027789029,1345.5800233558352,5730.355673202304,1480.371309968972,1808.3860952011933,2375.052686152245,5569.843333430384,6424.885271211306,844.3930929806938,18322.0024130248,2495.3237433783042,15235.014845186264,2032.9625863639194,1938.8499893640371,1750.6389024338407,1374.8252452384932,5364.941867835802,7334.619010264884,1095.8485493283777,None
Peak_10,1434.3380877175975,3140.3292412047267,2555.032738065701,6458.0040186427905,14686.424656849556,3155.143921587858,2883.1670424164263,2709.95794067542,4156.261568109367,4395.403865619188,1175.0191596657655,4402.5835614687985,8480.102854619528,6235.5155140978295,3594.6908367879573,1517.8834937565173,3701.22767729836,10092.03539019746,2364.477198428155,1908.3263935464895,2488.8206857386263,5226.2624317885575,3497.0855609564646,954.5019370409264,994.7074651189508,2213.4319010744002,556.9611119852434,3614.8815525518403,3289.603425739348,1733.4624447430124,1978.9960480631491,1894.346789548338,4668.339769974886,2257.7544282072085,2456.882422877839,5373.259274580466,4316.5462231521415,6184.880830273076,1873.4766510856366,3357.658923068589,1720.1872830352102,3936.5806110043764,10242.25910428115,3360.257945504272,1878.0347012671014,3174.785365662707,10445.835026335826,1104.3884945197572,1802.855232784545,1698.4527957987534,10645.907459082468,1409.1869284251038,15671.778959550169,1730.7013087568546,27509.42893812076,9719.253010619925,3014.298315255337,9803.683472891958,5249.390705084206,958.310860075624,1386.880262648608,5986.1207669241585,1032.0140664343223,1050.6543416594534,2627.658150086473,1018.9361353278497,5225.256962570896,1314.6616024105485,956.6026015440538,11046.918496903601,1154.8432675358247,21289.989161365233,5462.898440183329,2636.877932508139,2046.9533230901761,2960.8034180200043,1037.707533785353,1495.5975841325464,2744.119028712891,12771.682606882749,21645.25065638475,3325.2906246264533,3508.2061504200274,1944.272282137752,3997.398858956014,2125.2495356204267,984.163829028926,2742.032132912584,3836.451836528384,4258.1435956476125,5004.259553376295,10259.772032335364,10613.056256277585,2569.582421116981,11650.34211193618,483.32323790745966,2808.42017309391,1499.4938554114362,8027.2320763853495,4234.609996684011,2838.468200021597,2078.6424967972885,6549.527238883329,5456.41536633259,2006.5505642093933,2800.067246626935,16451.004521781128,15855.204682237505,5261.559362830179,1804.7002726655758,2346.193534653158,3245.977619221349,8051.272459392945,1375.0538637587467,2362.7751340905284,10334.207398788009,1888.8737555874507,8960.759258544995,3580.6231480059137,2620.9424437823045,11521.544094807505,10938.218063277196,1262.5862270146945,2605.0842440858223,1856.6298742680358,1497.9090409043295,4927.1132935775895,30412.118731321276,8493.426827396659,35494.22385694123,3161.859811968991,751.2109027789029,1345.5800233558352,5730.355673202304,1480.371309968972,1808.3860952011933,2375.052686152245,5569.843333430384,6424.885271211306,844.3930929806938,18322.0024130248,2495.3237433783042,15235.014845186264,2032.9625863639194,1938.8499893640371,1750.6389024338407,1374.8252452384932,5364.941867835802,7334.619010264884,1095.8485493283777,None
Peak_Dur_2,None,1,None,1,3,1,None,None,2,4,None,8,6,1,2,None,7,2,None,None,None,10,1,None,None,None,None,1,2,None,None,None,4,None,None,19,4,4,None,1,None,1,3,1,None,1,39,None,None,None,10,None,5,None,10,4,1,3,3,None,None,2,None,None,None,None,3,None,None,4,None,35,3,None,None,1,None,None,None,8,24,1,1,None,2,None,None,None,1,3,6,4,3,None,7,None,None,None,3,1,None,None,2,9,None,None,13,24,8,None,None,1,5,None,None,4,None,6,2,None,4,10,None,None,None,None,3,33,13,22,1,None,None,1,None,None,None,3,3,None,11,None,3,None,None,None,None,1,2,None,None
Peak_Dur_5,None,None,None,None,2,None,None,None,None,None,None,None,1,None,None,None,None,1,None,None,None,None,None,None,None,None,None,None,None,None,None,None,None,None,None,None,None,None,None,None,None,None,1,None,None,None,9,None,None,None,1,None,1,None,5,1,None,1,None,None,None,None,None,None,None,None,None,None,None,1,None,6,None,None,None,None,None,None,None,4,6,None,None,None,None,None,None,None,None,None,None,1,1,None,1,None,None,None,1,None,None,None,None,None,None,None,1,2,None,None,None,None,2,None,None,2,None,1,None,None,2,1,None,None,None,None,None,8,2,4,None,None,None,None,None,None,None,None,None,None,4,None,2,None,None,None,None,None,1,None,None
Peak_Dur_10,None,None,None,None,1,None,None,None,None,None,None,None,None,None,None,None,None,None,None,None,None,None,None,None,None,None,None,None,None,None,None,None,None,None,None,None,None,None,None,None,None,None,None,None,None,None,None,None,None,None,None,None,1,None,3,None,None,None,None,None,None,None,None,None,None,None,None,None,None,1,None,2,None,None,None,None,None,None,None,2,2,None,None,None,None,None,None,None,None,None,None,None,None,None,1,None,None,None,None,None,None,None,None,None,None,None,1,1,None,None,None,None,None,None,None,None,None,None,None,None,1,1,None,None,None,None,None,7,None,4,None,None,None,None,None,None,None,None,None,None,3,None,2,None,None,None,None,None,None,None,None
Peak_Fre_2,None,1,None,1,1,1,None,None,2,2,None,5,3,1,2,None,3,1,None,None,None,5,1,None,None,None,None,1,1,None,None,None,1,None,None,3,3,2,None,1,None,1,2,1,None,1,5,None,None,None,3,None,2,None,3,2,1,1,2,None,None,2,None,None,None,None,1,None,None,2,None,8,2,None,None,1,None,None,None,2,2,1,1,None,2,None,None,None,1,2,2,2,2,None,2,None,None,None,1,1,None,None,1,3,None,None,2,5,5,None,None,1,2,None,None,2,None,3,1,None,2,2,None,None,None,None,2,2,4,4,1,None,None,1,None,None,None,2,1,None,2,None,1,None,None,None,None,1,1,None,None
Peak_Fre_5,None,None,None,None,1,None,None,None,None,None,None,None,1,None,None,None,None,1,None,None,None,None,None,None,None,None,None,None,None,None,None,None,None,None,None,None,None,None,None,None,None,None,1,None,None,None,5,None,None,None,1,None,1,None,1,1,None,1,None,None,None,None,None,None,None,None,None,None,None,1,None,3,None,None,None,None,None,None,None,1,3,None,None,None,None,None,None,None,None,None,None,1,1,None,1,None,None,None,1,None,None,None,None,None,None,None,1,1,None,None,None,None,1,None,None,1,None,1,None,None,1,1,None,None,None,None,None,3,2,1,None,None,None,None,None,None,None,None,None,None,1,None,1,None,None,None,None,None,1,None,None
Peak_Fre_10,None,None,None,None,1,None,None,None,None,None,None,None,None,None,None,None,None,None,None,None,None,None,None,None,None,None,None,None,None,None,None,None,None,None,None,None,None,None,None,None,None,None,None,None,None,None,None,None,None,None,None,None,1,None,2,None,None,None,None,None,None,None,None,None,None,None,None,None,None,1,None,1,None,None,None,None,None,None,None,1,2,None,None,None,None,None,None,None,None,None,None,None,None,None,1,None,None,None,None,None,None,None,None,None,None,None,1,1,None,None,None,None,None,None,None,None,None,None,None,None,1,1,None,None,None,None,None,3,None,1,None,None,None,None,None,None,None,None,None,None,1,None,1,None,None,None,None,None,None,None,None
SP_Mag,721.3292709659797,1051.804430664288,783.5795916752977,1083.0403230174913,1700.9458298970096,2850.9048583618473,1050.93154000143,726.7277718245236,2521.794425728718,1498.4856671301138,225.60456131121367,2976.7809378526845,2561.981387010498,1205.4974421058862,937.2541899330723,625.385871470206,3701.22767729836,1643.1154809848713,1145.0667021339336,1422.4686252088031,1216.5574279268862,2777.6392581692326,644.3382577087954,918.7686101843327,567.6074794060893,1323.0844705164172,556.9611119852434,1521.6462311236087,679.9981914823719,820.4776635445329,793.1355576727977,822.2791998147634,1247.7726151409424,756.673080373438,1271.5242517966794,4030.592976664134,2421.236211919683,1357.8409487274746,518.2164778365602,989.9939999611348,1720.1872830352102,2541.466917784509,3375.0043649866084,2519.420019917397,1389.751146977977,2147.45259679673,10186.62625377608,200.46111378586428,463.88071503757715,1102.0981098821421,2868.827710285177,1084.4582095431815,2955.7369020391616,1730.7013087568546,6685.029388373349,3535.4163562586104,746.4754455804672,7323.474229448359,2193.299836946286,958.310860075624,449.0354537102771,1557.8898479020706,1032.0140664343223,261.57023307343655,988.9565158453318,464.0311740053196,5225.256962570896,835.2706197013744,205.2724413822538,1431.4976450815625,1154.8432675358247,21289.989161365233,4216.644214284543,1511.5205293447882,2046.9533230901761,2228.9668826873526,459.07730321979903,311.53544790842494,2138.4983694810226,4911.276253111071,16438.669862796425,559.9227057016321,1104.3154659921956,1509.7330783283533,1105.9395823708358,1118.0100189603506,973.3001412968547,1568.814013825766,3836.451836528384,2058.7660108964583,2739.6942437490397,1891.0990853404487,1156.9579369501093,1119.8524173807552,4806.921330337882,471.44182305586816,1096.4355670746518,783.485548593218,1065.5109607070326,1558.6570188609894,2838.468200021597,1088.5771284299883,2021.7796677366625,3158.0398861555914,883.9795803930682,1503.5791923765871,4287.0182713873855,6190.28852173355,3432.516101833733,998.9408182914464,1036.4494685370855,1501.3884300956151,2929.6672763474353,1375.0538637587467,1511.4104328323756,4787.799788729035,1195.0906140882773,4402.532657594697,1444.7849247542474,1515.681114714068,3008.738141873527,6279.498917632473,748.1168671625369,1784.7750368326501,1152.8591924541522,484.3036717088405,1408.8038784221085,30412.118731321276,8493.426827396659,17859.746018587335,1581.3726849043326,244.63253410736274,348.52581335854103,894.8883426211258,1330.9246759736834,1172.2750388344,2109.97534735754,1975.539921415156,2377.191155985729,788.9024355754068,15804.241239057676,990.2552173757409,15235.014845186264,2032.9625863639194,452.2623763300902,1356.1752046462154,1374.8252452384932,2487.5012106951426,2162.102347212646,402.48723967366976,None
SP_Tim,193,169,154,170,178,136,172,131,135,160,209,129,173,147,178,161,142,181,176,206,190,111,167,168,215,184,117,169,166,98,175,170,166,175,164,170,166,203,193,166,198,177,131,212,206,172,161,179,167,184,217,164,181,147,154,177,154,121,147,142,184,129,89,199,155,146,203,197,154,152,90,206,203,191,163,163,184,196,206,171,132,144,208,156,180,203,205,159,189,151,206,144,206,163,194,141,123,172,149,200,139,147,151,151,196,150,157,121,160,192,118,200,149,186,162,139,202,154,150,191,91,133,207,158,165,163,208,155,133,124,152,196,198,206,198,188,152,209,146,176,138,131,128,141,204,131,159,87,203,197,None
SP_Dur,42,53,41,58,50,88,64,104,75,57,53,113,68,99,68,82,89,74,68,52,77,142,54,46,49,44,95,59,57,71,58,52,44,68,51,58,61,54,49,57,44,49,75,52,39,50,70,28,81,64,37,28,49,51,80,27,94,42,90,29,59,95,59,44,52,63,42,49,30,46,138,43,43,39,67,81,55,48,43,71,47,76,39,67,56,36,40,47,48,83,42,71,40,80,46,93,84,61,95,38,48,83,82,29,41,34,68,97,19,46,93,41,65,51,69,90,45,71,60,45,142,78,39,86,73,27,38,63,56,54,46,43,46,37,46,53,78,41,67,59,50,83,60,77,41,56,23,144,41,52,None
SP_ROC,0.1167444496901166,0.10713530642668641,0.0749715963110696,0.08850549060990656,0.10146225747318963,0.07769657590522126,0.09110126851113813,0.07409009009373277,0.06813890704873432,0.08659583278553247,0.07820995825169251,0.0975072213444014,0.11757431253169066,0.08773690773522247,0.09573431632602747,0.0887927880209429,0.09333375598875099,0.10027035986187438,0.09633834990031943,0.1161919391982053,0.09953252457322968,0.09875538723355946,0.09043358093908889,0.09074374058894455,0.007847139503098201,0.10458114517286109,0.030279346469660295,0.07640957618719926,0.08371865857120059,0.1397473872722421,0.10676455285013244,0.07869769381050441,0.08586634166186508,0.08355388538468693,0.08505624966961178,0.09586478140101735,0.10058183768725623,0.09197861613130717,0.06601894103982912,0.07524113578242919,0.09995448092380976,0.11460050517399148,0.07340527988293763,0.10666094990332657,0.10172951679575848,0.09981755220049854,0.08800439185622524,0.039608372658306655,0.07404340996705544,0.1277421204186189,0.11643354453662175,0.08123846692066722,0.08921593106986093,0.088624758772376,0.09576347474378458,0.12493381728964718,0.08433975140564458,0.07238956942555928,0.08512188722373731,0.3500838228649054,0.08111981289724549,0.07269861446644396,0.042245437680019086,0.07850335676141915,0.06717519630984038,0.0698778347398862,0.12512300142352117,0.07542151215208064,0.03839833050866482,0.07049708970236056,0.05894758805498595,0.09855772274501647,0.12146011342091399,0.07341624612093944,0.06912454386988662,0.08425302148150995,0.033022552349982186,0.08723821636415521,0.11685486132709166,0.08265914198745537,0.058343179972362255,0.08199748290358828,0.09822813652039539,0.07769332280351156,0.1122270138090872,0.1339393583318859,0.07672588883823372,0.07979632156257395,0.11551963141185481,0.09202755909273702,0.09443023662597996,0.09212176651667052,0.06875696451176534,0.09117811112365741,0.09450175966712793,0.0687151613590075,0.025624926975688928,0.07838764804824881,0.09381413264268106,0.12132272313657766,0.07623106592730952,0.079333128177694,0.08348013036004133,0.09572474863895146,0.10157361869351933,0.09715587127789348,0.1007975162278886,0.09149690577804107,0.06598312625160542,0.09497374270421352,0.06315978158916886,0.09383415457843092,0.09641373533598709,0.07660552239375595,0.08893187236414489,0.09415068580766903,0.07841451190213705,0.09745487734929681,0.07332677303605434,0.10344538501280884,0.09134634766756562,0.0888010267179528,0.055143262636144635,0.09341274937216393,0.09422764403981522,0.08584208900916322,0.12323530435067952,0.09920721581625784,0.09618265857352029,0.09482407933396217,0.08754429841802396,0.055847600314937684,0.10611555260143601,0.10542303849194337,0.10087597631493918,0.0856028105519003,0.08600062175501834,0.10519091208240204,0.09191361300220212,0.06210771383130186,0.08390715269040575,0.08204385891407148,0.08972184967805592,0.07988683369560132,0.08865286215447812,0.06903027085042604,0.011455147676519402,0.07546376961548439,0.09833807798338662,0.04282736139907626,None
DS_Mag_50,12.283100484293495,12.254271656866898,12.601605285411418,12.448785284364678,12.801690045631439,12.537278640447033,12.12939994764282,12.163709083716997,13.772777477572562,12.24015348013008,12.104995417529516,12.735607964356605,13.043039202112041,12.223142041702928,12.476891057892216,13.210240232633586,12.34724587960608,12.357004228269947,17.996357797463556,12.257239934456353,12.477953449743058,12.347858837660203,12.949298723770287,12.943617809298527,12.088335899225221,None,12.196335233864136,12.12975129146996,12.22114313494776,12.742918639828623,12.291071311712965,12.184918365227741,12.676593215586003,12.585966320499836,14.418821672393031,13.663342084186342,13.64787715057858,12.250079883462394,12.07608063134261,16.447249082606653,12.171105462061284,13.64271587447649,15.192987218937983,13.80565934336746,12.353015456577026,12.19110532341509,12.342203563189926,12.508039372078832,12.08826128733283,12.35669023193067,14.597041958465846,15.32499474797018,12.695402610530982,12.303672069597864,13.121517744826546,16.346607621673733,12.162698378807633,13.715557468430823,12.128678210583375,12.071175715159006,12.140269068034627,12.127916457152034,12.371558018065553,12.053188110533485,12.130801409130266,14.111013998940933,12.238415283453332,12.107092160961873,12.590888633525974,12.384366716095869,12.399368384408266,15.255466219660477,12.154242401110402,12.775205178287996,12.230292123990246,12.273515678350494,12.075706378894145,12.133488133104857,13.15457116823958,14.787846021044189,13.070083530212317,12.088325069372974,13.193467963770644,12.68340097896333,12.363245621396656,12.166921103516067,12.092056790744975,14.491250868642291,13.813992652199463,13.490425796786239,16.16819585511593,12.198812416519857,12.290000144350055,12.11193962874535,12.194639216917455,12.001034190870449,12.105050901638318,12.164749582125435,12.173922396023993,12.318435034613627,12.121972383903774,12.251455261026047,12.19685705600257,14.925046868914226,12.442846201881785,12.206803335313095,12.369682474805765,12.35468923669301,13.961789881671587,12.134451152101002,12.054872204235947,12.156009542325947,12.246689833935726,12.094008443731635,13.537487475228023,12.316006541604883,12.221087000032224,12.515444785563352,13.934840453190455,12.174558528719064,12.632734332372046,12.11228735860988,12.046131263317488,12.16212471515512,12.277786969413444,12.946115154287858,12.25485987116392,12.313943710855344,15.260855835819305,15.14272518108235,12.11059256848735,12.028845507042293,12.102124547537828,12.212297886442709,12.114791904259777,12.191853137719944,12.780787821235764,16.157416418154725,15.86465035915827,12.089043576211548,14.406886497679128,12.3065276736331,12.342704662100969,12.107599373216866,12.125373285834861,12.273995374809084,12.116085052525328,12.076905790536408,12.371336519289443,None,None
DS_Mag_90,21.665688404997574,22.615842246249738,93.67790642072643,23.910794179688434,44.47080029241949,27.000848672578158,19.722973546137826,26.621202315460746,97.44919909983021,25.482960751078082,13.672254400339813,34.03583874318197,59.52644518016015,21.159118043188677,19.25241353999173,244.82451719857528,23.76847329114409,20.553703689008103,663.9133605053134,20.25002502641187,59.40728559543066,23.504804840587596,25.023066957283504,39.75032132742618,26.761851305168975,None,80.47824890385148,20.543646820568295,22.26632443911746,34.381060843799474,21.984045035974233,19.653868720328678,38.90898099020612,21.252200976090048,148.00583462011755,79.37974202970132,60.811985038258044,20.61281717603371,15.374140152345637,130.61816399633184,19.493365192949764,53.15019203373655,56.5365568574827,48.70548525504726,31.819633321631663,22.1612470534705,25.04489125233193,44.561784561569894,14.852693718161245,50.425313237009334,69.76788778305537,149.65455360586833,26.694419077482685,26.692438144911993,27.882067219070116,221.50851990055148,21.64010591939391,87.20999910673191,19.8858493170417,15.445897540279855,18.883654328011787,18.972907182540773,40.698217447637695,14.074449189286048,21.142861454713096,97.11918232079418,21.713033644254537,16.28984830802871,31.211692965833763,25.633445242178414,121.54680656857036,64.42598723420497,20.020163005926996,72.12819221192237,79.74978982663242,19.614116235360797,30.388122243970436,19.292962882569267,46.03371664830952,123.4867774305012,321.5063919897012,18.239982717440526,122.4361147676532,32.057118978196534,24.962933664590146,21.155833285847656,15.112633293194344,134.97478291556013,143.69559227115056,110.32825718810211,121.62294177250254,24.556080992437582,25.700381998300344,20.711293735894195,20.02066752627419,12.720896333851709,39.38223993116425,31.767927537607893,21.223787147396838,21.69486433822513,23.697441563454134,26.164049111730435,22.94627251104561,836.2407551499692,49.07087065009513,73.34977042201378,26.341270481460192,30.008347514668028,433.6943626463627,19.875057956035636,19.132629182055602,55.92711580719611,25.844705238779817,15.230112049269952,181.28478243449783,25.602015413843315,23.602973986408376,37.906369269225415,75.0596265073113,19.26356896529951,39.497708067782995,26.07793578647076,13.507889920965688,20.91333057387579,19.823200281974103,72.14114899578516,34.11988928368734,53.07095103500282,377.42307801020513,174.07086070643822,20.879571301340974,12.906392084484745,17.780900850827933,18.83216720005568,15.180326150845131,20.582717745567678,37.24347300332995,376.62539160183655,66.4979344152581,35.26227858750384,93.83222083878641,30.48577807275898,27.139436382443698,19.339421864960336,15.013515107568002,27.29561191125232,19.93493951204622,15.79559283510443,29.534088268115333,None,None
DS_Tim,235,222,195,228,228,224,236,235,210,217,262,242,241,246,246,243,231,255,244,258,267,253,221,214,264,228,212,228,223,169,233,222,210,243,215,228,227,257,242,223,242,226,206,264,245,222,231,207,248,248,254,192,230,198,234,204,248,163,237,171,243,224,148,243,207,209,245,246,184,198,228,249,246,230,230,244,239,244,249,242,179,220,247,223,236,239,245,206,237,234,248,215,246,243,240,234,207,233,244,238,187,230,233,180,237,184,225,218,179,238,211,241,214,237,231,229,247,225,210,236,233,211,246,244,238,190,246,218,189,178,198,239,244,243,244,241,230,250,213,235,188,214,188,218,245,187,182,231,244,249,None
DS_Dur_WS,232,172,227,203,208,237,199,220,225,213,131,171,228,176,129,208,162,127,252,146,158,134,200,274,158,None,247,215,180,224,163,202,228,175,240,235,218,142,200,273,151,238,266,211,196,202,165,223,148,233,217,291,173,274,245,251,191,249,224,229,215,159,234,193,186,283,144,181,248,183,211,242,177,263,208,129,224,176,227,190,258,229,220,234,178,162,159,291,223,233,229,204,177,237,169,190,252,219,201,151,226,205,175,233,211,249,195,205,298,203,228,211,188,156,236,189,218,205,277,176,191,278,175,183,135,250,215,230,245,217,219,159,193,216,151,233,200,199,255,231,196,251,214,211,192,224,242,180,240,None,None
